antecedents,consequents,support,confidence,lift
"Biryani, Sandwich",Sushi,0.05229591836734694,0.43157894736842106,1.358867047135912
"Biryani, Sushi",Sandwich,0.05229591836734694,0.43157894736842106,1.358867047135912
"Sandwich, Sushi",Biryani,0.05229591836734694,0.47674418604651164,1.344487200936925
Salad,Sandwich,0.1096938775510204,0.3524590163934426,1.1097504773191125
Sandwich,Salad,0.1096938775510204,0.34538152610441764,1.1097504773191122
Salad,Pizza,0.10841836734693877,0.3483606557377049,1.0968464020014483
Pizza,Salad,0.10841836734693877,0.34136546184738953,1.0968464020014483
Sandwich,Sushi,0.1096938775510204,0.34538152610441764,1.0874663311882065
Sushi,Sandwich,0.1096938775510204,0.34538152610441764,1.0874663311882065
Sandwich,Biryani,0.1211734693877551,0.38152610441767065,1.0759585103001936
Sushi,Biryani,0.1211734693877551,0.38152610441767065,1.0759585103001936
Biryani,Sandwich,0.1211734693877551,0.34172661870503596,1.0759585103001934
Biryani,Sushi,0.1211734693877551,0.34172661870503596,1.0759585103001934
Salad,Biryani,0.11862244897959184,0.38114754098360654,1.074890906946574
Biryani,Salad,0.11862244897959184,0.33453237410071945,1.074890906946574
Taco,Sushi,0.10076530612244898,0.33905579399141633,1.067549166623576
Sushi,Taco,0.10076530612244898,0.3172690763052209,1.067549166623576
Pizza,Sushi,0.10714285714285714,0.3373493975903614,1.062176416509411
Sushi,Pizza,0.10714285714285714,0.3373493975903614,1.062176416509411
Taco,Coffee,0.10204081632653061,0.3433476394849786,1.051502145922747
Coffee,Taco,0.10204081632653061,0.31250000000000006,1.051502145922747
Burger,Coffee,0.1096938775510204,0.3426294820717132,1.0493027888446216
Coffee,Burger,0.1096938775510204,0.3359375,1.0493027888446216
Pasta,Taco,0.08928571428571429,0.3111111111111111,1.046828803051979
Taco,Pasta,0.08928571428571429,0.30042918454935624,1.046828803051979
Sandwich,Burger,0.10459183673469388,0.3293172690763052,1.028624457991328
Burger,Sandwich,0.10459183673469388,0.3266932270916335,1.028624457991328
Taco,Sandwich,0.09693877551020408,0.3261802575107296,1.0270093248530603
Sandwich,Taco,0.09693877551020408,0.3052208835341365,1.0270093248530603
Pizza,Sandwich,0.10331632653061225,0.3253012048192771,1.0242415444912178
Sandwich,Pizza,0.10331632653061225,0.3253012048192771,1.0242415444912178
Biryani,Wrap,0.13010204081632654,0.36690647482014394,1.0200520434716058
Wrap,Biryani,0.13010204081632654,0.3617021276595745,1.0200520434716058
Coffee,Biryani,0.11734693877551021,0.35937500000000006,1.0134892086330938
Biryani,Coffee,0.11734693877551021,0.3309352517985612,1.0134892086330938
Coffee,Wrap,0.11862244897959184,0.36328125000000006,1.0099734042553195
Wrap,Coffee,0.11862244897959184,0.3297872340425532,1.0099734042553192
Burger,Wrap,0.11607142857142858,0.36254980079681276,1.0079398717187986
Wrap,Burger,0.11607142857142858,0.32269503546099293,1.0079398717187986
Taco,Burger,0.09566326530612244,0.3218884120171674,1.0054203785715508
Sushi,Burger,0.10204081632653061,0.321285140562249,1.0035360565769054
Burger,Sushi,0.10204081632653061,0.3187250996015937,1.0035360565769054
Pasta,Wrap,0.10331632653061225,0.36,1.0008510638297872
